id,name,last_name,date_of_birth,address,city
1000,Kendall,Ashley,16/07/1993,422-8745 Nonummy. St.,Pietraroja
1001,Melyssa,Dixon,04/08/1990,9853 Iaculis Road,Vicoli
1002,Shay,Snider,04/08/1990,Ap #865-2275 Tempor Rd.,Camporotondo di Fiastrone
1003,Fletcher,Whitaker,17/09/1992,"P.O. Box 837, 9299 Tristique Street",North Saanich
1004,Gisela,Phelps,16/04/1991,465-1758 Pellentesque Road,Meetkerke
1005,Ori,Newman,27/05/1992,"Ap #489-8104 Est, St.",Rinconada
1006,Yuli,Gregory,12/07/1990,"P.O. Box 256, 9313 Sed Road",Nuraminis
1007,Leilani,Weber,05/04/1991,"Ap #605-4989 Non, Rd.",Oss
1008,Grady,Frost,21/02/1992,279-2085 Morbi Rd.,Juneau
1009,Dexter,Lott,01/12/1991,778-3853 Sodales Rd.,Ninhue
1010,Mufutau,Flynn,18/02/1991,Ap #672-2654 Sed Road,Vico del Gargano
1011,Cameron,Richard,09/05/1992,1419 Accumsan St.,Heppignies
1012,Vivien,Wood,27/09/1992,"8257 Lobortis, Avenue",Montpelier
1013,Lydia,Peterson,26/09/1991,407-8910 Nulla Road,Opdorp
1014,Hakeem,Guerrero,05/12/1991,"P.O. Box 626, 2851 Ipsum Road",Davangere
1015,Abbot,Davenport,07/02/1990,"230-1123 Felis, St.",Huissen
1016,Hillary,Kennedy,12/04/1993,Ap #992-9593 Diam. St.,Wetaskiwin
1017,Omar,Rowe,24/06/1993,Ap #576-3543 Est St.,Frutillar
1018,Armando,Mack,05/05/1993,Ap #113-1282 Etiam Road,Labrecque
1019,Hadassah,Trujillo,06/12/1990,"705-1954 Magna, Road",Salt Spring Island
1020,Jin,Holloway,21/12/1990,"P.O. Box 882, 8916 Ut St.",Wells
1021,Charissa,Sears,18/05/1992,"P.O. Box 922, 5468 Eu St.",Ballarat
1022,Sarah,Boyer,20/11/1991,861-3307 Ante. Avenue,Völkermarkt
1023,Hillary,Rocha,25/10/1992,"P.O. Box 264, 5262 Orci St.",Norfolk
1024,Tobias,Huffman,20/08/1991,"P.O. Box 325, 9951 Lobortis. Street",Gulfport
1025,Prescott,Gibson,24/01/1993,3456 Fringilla Rd.,Hapur
1026,Hector,Davidson,06/06/1990,Ap #317-582 Lacus. Road,Cametá
1027,Nolan,Molina,19/10/1992,"P.O. Box 389, 9352 Aliquam St.",Piringen
1028,Claire,Thompson,02/09/1993,Ap #583-3558 At St.,Swadlincote
1029,Acton,Miller,07/04/1993,"P.O. Box 573, 9860 Risus. Rd.",Bonneville
1030,Kasper,Mcdonald,19/08/1992,2338 Arcu. Avenue,Chépica
1031,Eden,Combs,23/09/1991,Ap #196-523 Etiam Av.,Emarèse
1032,Quamar,Todd,12/07/1991,"P.O. Box 478, 7880 Ac Street",Rhemes-Notre-Dame
1033,Lisandra,Kelly,14/07/1991,Ap #886-2052 Lorem St.,Virginia Beach
1034,Axel,Rhodes,06/06/1993,6162 Lacus. St.,Newquay
1035,Tanek,Hurst,24/11/1992,7895 Et Rd.,Bondo
1036,Micah,Golden,29/07/1993,8351 Dis St.,Castel Colonna
1037,Acton,Fitzpatrick,16/04/1991,574-6845 Neque Avenue,Meerhout
1038,Garth,Briggs,23/09/1990,Ap #702-6675 Nullam Rd.,Korba
1039,Luke,Serrano,13/11/1991,304-4572 Ipsum Ave,Saint-Quentin
1040,Clark,Cunningham,23/11/1993,Ap #538-2209 Commodo Av.,Cholchol
1041,Marcia,Frost,07/01/1991,4643 Dui. Rd.,Jhelum
1042,Ryan,Hartman,11/02/1992,1351 Eget St.,Livorno
1043,Jana,Chen,27/03/1992,307-3093 Rutrum Avenue,Richmond
1044,Pearl,Guerrero,16/09/1991,"P.O. Box 942, 7303 In St.",Rochester
1045,Nora,Rodgers,22/10/1990,7798 Tempor St.,Evansville
1046,Ivan,Waller,24/11/1990,9835 Enim. Rd.,Saint-Denis
1047,Chelsea,Guthrie,15/07/1993,2236 Sed Rd.,Owensboro
1048,Julie,Phelps,07/02/1993,"P.O. Box 531, 5005 Pellentesque St.",Galvarino
1049,Eric,Mercado,18/07/1992,Ap #909-6712 Lorem Road,Leominster
1050,Peter,Combs,09/01/1991,Ap #542-8059 Adipiscing. Street,Christchurch